Year,Age,TempVs61to90,TempVs50to80
1979,-29,-0.0587,0.0413
1978,-28,0.0204,0.1204
1977,-27,0.0377,0.1377
1976,-26,-0.062,0.038
1975,-25,-0.1986,-0.0986
1974,-24,-0.2676,-0.1676
1973,-23,-0.2716,-0.1716
1972,-22,-0.2812,-0.1812
1971,-21,-0.2614,-0.1614
1970,-20,-0.1699,-0.0699
1969,-19,-0.0794,0.0206
1968,-18,-0.1059,-0.0059
1967,-17,-0.1427,-0.0427
1966,-16,-0.1111,-0.0111
1965,-15,-0.0684,0.0316
1964,-14,-0.0508,0.0492
1963,-13,-0.0702,0.0298
1962,-12,-0.1849,-0.0849
1961,-11,-0.3855,-0.2855
1960,-10,-0.4509,-0.3509
1959,-9,-0.2569,-0.1569
1958,-8,-0.0773,0.0227
1957,-7,-0.0424,0.0576
1956,-6,-0.0658,0.0342
1955,-5,-0.1024,-0.0024
1954,-4,-0.1215,-0.0215
1953,-3,-0.1095,-0.0095
1952,-2,-0.1011,-0.0011
1951,-1,-0.195,-0.095
1950,0,-0.3509,-0.2509
1949,1,-0.3403,-0.2403
1948,2,-0.2083,-0.1083
1947,3,-0.1,0
1946,4,-0.0556,0.0444
1945,5,-0.0658,0.0342
1944,6,-0.0467,0.0533
1943,7,0.0184,0.1184
1942,8,0.1096,0.2096
1941,9,0.197,0.297
1940,10,0.2475,0.3475
1939,11,0.2363,0.3363
1938,12,0.1962,0.2962
1937,13,0.0915,0.1915
1936,14,-0.0949,0.0051
1935,15,-0.3186,-0.2186
1934,16,-0.4669,-0.3669
1933,17,-0.367,-0.267
1932,18,-0.192,-0.092
1931,19,-0.1397,-0.0397
1930,20,-0.214,-0.114
1929,21,-0.3071,-0.2071
1928,22,-0.2493,-0.1493
1927,23,-0.1424,-0.0424
1926,24,-0.0221,0.0779
1925,25,0.043,0.143
1924,26,-0.0283,0.0717
1923,27,-0.061,0.039
1922,28,0.0485,0.1485
1921,29,0.0763,0.1763
1920,30,0.0088,0.1088
1919,31,-0.0285,0.0715
1918,32,-0.0818,0.0182
1917,33,-0.1547,-0.0547
1916,34,-0.1433,-0.0433
1915,35,-0.0015,0.0985
1914,36,0.1009,0.2009
1913,37,0.0343,0.1343
1912,38,-0.0563,0.0437
1911,39,-0.1011,-0.0011
1910,40,-0.1341,-0.0341
1909,41,-0.0373,0.0627
1908,42,0.0544,0.1544
1907,43,-0.0234,0.0766
1906,44,-0.1553,-0.0553
1905,45,-0.2356,-0.1356
1904,46,-0.2804,-0.1804
1903,47,-0.2621,-0.1621
1902,48,-0.2192,-0.1192
1901,49,-0.2475,-0.1475
1900,50,-0.4232,-0.3232
1899,51,-0.481,-0.381
1898,52,-0.2421,-0.1421
1897,53,-0.1322,-0.0322
1896,54,-0.2176,-0.1176
1895,55,-0.2682,-0.1682
1894,56,-0.3565,-0.2565
1893,57,-0.3764,-0.2764
1892,58,-0.2555,-0.1555
1891,59,-0.2106,-0.1106
1890,60,-0.2889,-0.1889
1889,61,-0.314,-0.214
1888,62,-0.2781,-0.1781
1887,63,-0.2852,-0.1852
1886,64,-0.3402,-0.2402
1885,65,-0.4303,-0.3303
1884,66,-0.513,-0.413
1883,67,-0.4661,-0.3661
1882,68,-0.3839,-0.2839
1881,69,-0.3969,-0.2969
1880,70,-0.4052,-0.3052
1879,71,-0.348,-0.248
1878,72,-0.2849,-0.1849
1877,73,-0.2818,-0.1818
1876,74,-0.2628,-0.1628
1875,75,-0.2171,-0.1171
1874,76,-0.2398,-0.1398
1873,77,-0.2453,-0.1453
1872,78,-0.17,-0.07
1871,79,-0.154,-0.054
1870,80,-0.1564,-0.0564
1869,81,-0.107,-0.007
1868,82,-0.1083,-0.0083
1867,83,-0.2198,-0.1198
1866,84,-0.364,-0.264
1865,85,-0.4408,-0.3408
1864,86,-0.4062,-0.3062
1863,87,-0.3556,-0.2556
1862,88,-0.2823,-0.1823
1861,89,-0.2142,-0.1142
1860,90,-0.2134,-0.1134
1859,91,-0.3012,-0.2012
1858,92,-0.4315,-0.3315
1857,93,-0.5825,-0.4825
1856,94,-0.5393,-0.4393
1855,95,-0.2621,-0.1621
1854,96,-0.1564,-0.0564
1853,97,-0.2623,-0.1623
1852,98,-0.3511,-0.2511
1851,99,-0.4139,-0.3139
1850,100,-0.4075,-0.3075
1849,101,-0.3528,-0.2528
1848,102,-0.3663,-0.2663
1847,103,-0.4191,-0.3191
1846,104,-0.4884,-0.3884
1845,105,-0.604,-0.504
1844,106,-0.6255,-0.5255
1843,107,-0.6002,-0.5002
1842,108,-0.6197,-0.5197
1841,109,-0.5588,-0.4588
1840,110,-0.4502,-0.3502
1839,111,-0.4198,-0.3198
1838,112,-0.5042,-0.4042
1837,113,-0.6727,-0.5727
1836,114,-0.7798,-0.6798
1835,115,-0.7262,-0.6262
1834,116,-0.582,-0.482
1833,117,-0.4789,-0.3789
1832,118,-0.4688,-0.3688
1831,119,-0.4221,-0.3221
1830,120,-0.3804,-0.2804
1829,121,-0.3701,-0.2701
1828,122,-0.2994,-0.1994
1827,123,-0.2933,-0.1933
1826,124,-0.4025,-0.3025
1825,125,-0.5656,-0.4656
1824,126,-0.6982,-0.5982
1823,127,-0.6962,-0.5962
1822,128,-0.596,-0.496
1821,129,-0.526,-0.426
1820,130,-0.5886,-0.4886
1819,131,-0.6307,-0.5307
1818,132,-0.5666,-0.4666
1817,133,-0.5719,-0.4719
1816,134,-0.6705,-0.5705
1815,135,-0.7419,-0.6419
1814,136,-0.8611,-0.7611
1813,137,-0.983,-0.883
1812,138,-0.8413,-0.7413
1811,139,-0.544,-0.444
1810,140,-0.3591,-0.2591
1809,141,-0.3303,-0.2303
1808,142,-0.3803,-0.2803
1807,143,-0.4237,-0.3237
1806,144,-0.4216,-0.3216
1805,145,-0.3982,-0.2982
1804,146,-0.3491,-0.2491
1803,147,-0.265,-0.165
1802,148,-0.3142,-0.2142
1801,149,-0.42,-0.32
1800,150,-0.3798,-0.2798
1799,151,-0.3586,-0.2586
1798,152,-0.3773,-0.2773
1797,153,-0.3553,-0.2553
1796,154,-0.4648,-0.3648
1795,155,-0.5988,-0.4988
1794,156,-0.5047,-0.4047
1793,157,-0.3655,-0.2655
1792,158,-0.3199,-0.2199
1791,159,-0.3403,-0.2403
1790,160,-0.3979,-0.2979
1789,161,-0.4638,-0.3638
1788,162,-0.4937,-0.3937
1787,163,-0.4914,-0.3914
1786,164,-0.4678,-0.3678
1785,165,-0.4291,-0.3291
1784,166,-0.4941,-0.3941
1783,167,-0.7015,-0.6015
1782,168,-0.8083,-0.7083
1781,169,-0.6373,-0.5373
1780,170,-0.4098,-0.3098
1779,171,-0.2981,-0.1981
1778,172,-0.3661,-0.2661
1777,173,-0.4642,-0.3642
1776,174,-0.3771,-0.2771
1775,175,-0.3171,-0.2171
1774,176,-0.3668,-0.2668
1773,177,-0.406,-0.306
1772,178,-0.4237,-0.3237
1771,179,-0.4144,-0.3144
1770,180,-0.4112,-0.3112
1769,181,-0.3982,-0.2982
1768,182,-0.3271,-0.2271
1767,183,-0.257,-0.157
1766,184,-0.2779,-0.1779
1765,185,-0.3446,-0.2446
1764,186,-0.4131,-0.3131
1763,187,-0.4204,-0.3204
1762,188,-0.2961,-0.1961
1761,189,-0.2036,-0.1036
1760,190,-0.2641,-0.1641
1759,191,-0.3729,-0.2729
1758,192,-0.3925,-0.2925
1757,193,-0.4128,-0.3128
1756,194,-0.4227,-0.3227
1755,195,-0.4607,-0.3607
1754,196,-0.6347,-0.5347
1753,197,-0.789,-0.689
1752,198,-0.7023,-0.6023
1751,199,-0.489,-0.389
1750,200,-0.3991,-0.2991
1749,201,-0.4169,-0.3169
1748,202,-0.3458,-0.2458
1747,203,-0.22,-0.12
1746,204,-0.2945,-0.1945
1745,205,-0.4739,-0.3739
1744,206,-0.5241,-0.4241
1743,207,-0.5401,-0.4401
1742,208,-0.5876,-0.4876
1741,209,-0.6121,-0.5121
1740,210,-0.6956,-0.5956
1739,211,-0.7793,-0.6793
1738,212,-0.7634,-0.6634
1737,213,-0.7001,-0.6001
1736,214,-0.742,-0.642
1735,215,-0.8369,-0.7369
1734,216,-0.7712,-0.6712
1733,217,-0.6811,-0.5811
1732,218,-0.626,-0.526
1731,219,-0.6149,-0.5149
1730,220,-0.6731,-0.5731
1729,221,-0.637,-0.537
1728,222,-0.3908,-0.2908
1727,223,-0.1946,-0.0946
1726,224,-0.203,-0.103
1725,225,-0.3272,-0.2272
1724,226,-0.4892,-0.3892
1723,227,-0.634,-0.534
1722,228,-0.5937,-0.4937
1721,229,-0.3917,-0.2917
1720,230,-0.3233,-0.2233
1719,231,-0.4394,-0.3394
1718,232,-0.561,-0.461
1717,233,-0.628,-0.528
1716,234,-0.6465,-0.5465
1715,235,-0.6164,-0.5164
1714,236,-0.5879,-0.4879
1713,237,-0.5717,-0.4717
1712,238,-0.555,-0.455
1711,239,-0.5631,-0.4631
1710,240,-0.5928,-0.4928
1709,241,-0.717,-0.617
1708,242,-0.8809,-0.7809
1707,243,-0.8172,-0.7172
1706,244,-0.5664,-0.4664
1705,245,-0.4983,-0.3983
1704,246,-0.6282,-0.5282
1703,247,-0.6751,-0.5751
1702,248,-0.599,-0.499
1701,249,-0.5809,-0.4809
1700,250,-0.6725,-0.5725
1699,251,-0.7978,-0.6978
1698,252,-0.8255,-0.7255
1697,253,-0.7885,-0.6885
1696,254,-0.7143,-0.6143
1695,255,-0.6242,-0.5242
1694,256,-0.6028,-0.5028
1693,257,-0.6187,-0.5187
1692,258,-0.6354,-0.5354
1691,259,-0.7315,-0.6315
1690,260,-0.8371,-0.7371
1689,261,-0.7609,-0.6609
1688,262,-0.6303,-0.5303
1687,263,-0.6889,-0.5889
1686,264,-0.8401,-0.7401
1685,265,-0.8584,-0.7584
1684,266,-0.7288,-0.6288
1683,267,-0.5438,-0.4438
1682,268,-0.5432,-0.4432
1681,269,-0.6847,-0.5847
1680,270,-0.6931,-0.5931
1679,271,-0.6483,-0.5483
1678,272,-0.6588,-0.5588
1677,273,-0.7017,-0.6017
1676,274,-0.7422,-0.6422
1675,275,-0.7116,-0.6116
1674,276,-0.6102,-0.5102
1673,277,-0.5133,-0.4133
1672,278,-0.4403,-0.3403
1671,279,-0.4855,-0.3855
1670,280,-0.6848,-0.5848
1669,281,-0.8474,-0.7474
1668,282,-0.8212,-0.7212
1667,283,-0.6134,-0.5134
1666,284,-0.531,-0.431
1665,285,-0.5974,-0.4974
1664,286,-0.6009,-0.5009
1663,287,-0.5803,-0.4803
1662,288,-0.5432,-0.4432
1661,289,-0.4906,-0.3906
1660,290,-0.5064,-0.4064
1659,291,-0.5474,-0.4474
1658,292,-0.5505,-0.4505
1657,293,-0.5733,-0.4733
1656,294,-0.6997,-0.5997
1655,295,-0.8111,-0.7111
1654,296,-0.7855,-0.6855
1653,297,-0.7249,-0.6249
1652,298,-0.6203,-0.5203
1651,299,-0.4599,-0.3599
1650,300,-0.3823,-0.2823
1649,301,-0.3855,-0.2855
1648,302,-0.4965,-0.3965
1647,303,-0.6752,-0.5752
1646,304,-0.7363,-0.6363
1645,305,-0.7188,-0.6188
1644,306,-0.7367,-0.6367
1643,307,-0.8368,-0.7368
1642,308,-0.899,-0.799
1641,309,-0.707,-0.607
1640,310,-0.4433,-0.3433
1639,311,-0.4252,-0.3252
1638,312,-0.552,-0.452
1637,313,-0.5546,-0.4546
1636,314,-0.47,-0.37
1635,315,-0.4597,-0.3597
1634,316,-0.5199,-0.4199
1633,317,-0.6806,-0.5806
1632,318,-0.8708,-0.7708
1631,319,-0.8509,-0.7509
1630,320,-0.6717,-0.5717
1629,321,-0.5449,-0.4449
1628,322,-0.5273,-0.4273
1627,323,-0.614,-0.514
1626,324,-0.6297,-0.5297
1625,325,-0.54,-0.44
1624,326,-0.5801,-0.4801
1623,327,-0.6325,-0.5325
1622,328,-0.606,-0.506
1621,329,-0.5182,-0.4182
1620,330,-0.4675,-0.3675
1619,331,-0.5192,-0.4192
1618,332,-0.5182,-0.4182
1617,333,-0.4177,-0.3177
1616,334,-0.3755,-0.2755
1615,335,-0.4764,-0.3764
1614,336,-0.6367,-0.5367
1613,337,-0.7131,-0.6131
1612,338,-0.6628,-0.5628
1611,339,-0.5703,-0.4703
1610,340,-0.5463,-0.4463
1609,341,-0.6283,-0.5283
1608,342,-0.7508,-0.6508
1607,343,-0.7644,-0.6644
1606,344,-0.679,-0.579
1605,345,-0.6287,-0.5287
1604,346,-0.6403,-0.5403
1603,347,-0.6431,-0.5431
1602,348,-0.6506,-0.5506
1601,349,-0.7795,-0.6795
1600,350,-0.869,-0.769
1599,351,-0.7052,-0.6052
1598,352,-0.5764,-0.4764
1597,353,-0.6111,-0.5111
1596,354,-0.6546,-0.5546
1595,355,-0.6169,-0.5169
1594,356,-0.6266,-0.5266
1593,357,-0.8034,-0.7034
1592,358,-0.9175,-0.8175
1591,359,-0.9369,-0.8369
1590,360,-0.9617,-0.8617
1589,361,-0.8283,-0.7283
1588,362,-0.682,-0.582
1587,363,-0.6717,-0.5717
1586,364,-0.7757,-0.6757
1585,365,-0.8421,-0.7421
1584,366,-0.7506,-0.6506
1583,367,-0.625,-0.525
1582,368,-0.6211,-0.5211
1581,369,-0.8629,-0.7629
1580,370,-1.2292,-1.1292
1579,371,-1.2634,-1.1634
1578,372,-0.9934,-0.8934
1577,373,-0.837,-0.737
1576,374,-0.8313,-0.7313
1575,375,-0.7558,-0.6558
1574,376,-0.6621,-0.5621
1573,377,-0.6611,-0.5611
1572,378,-0.7431,-0.6431
1571,379,-0.7952,-0.6952
1570,380,-0.676,-0.576
1569,381,-0.5217,-0.4217
1568,382,-0.4272,-0.3272
1567,383,-0.446,-0.346
1566,384,-0.5099,-0.4099
1565,385,-0.4476,-0.3476
1564,386,-0.372,-0.272
1563,387,-0.3766,-0.2766
1562,388,-0.3932,-0.2932
1561,389,-0.4407,-0.3407
1560,390,-0.5414,-0.4414
1559,391,-0.6452,-0.5452
1558,392,-0.6445,-0.5445
1557,393,-0.5108,-0.4108
1556,394,-0.4581,-0.3581
1555,395,-0.5063,-0.4063
1554,396,-0.4572,-0.3572
1553,397,-0.3917,-0.2917
1552,398,-0.4457,-0.3457
1551,399,-0.4879,-0.3879
1550,400,-0.4757,-0.3757
1549,401,-0.5665,-0.4665
1548,402,-0.7488,-0.6488
1547,403,-0.8608,-0.7608
1546,404,-0.9179,-0.8179
1545,405,-0.9824,-0.8824
1544,406,-0.9707,-0.8707
1543,407,-0.9849,-0.8849
1542,408,-1.0811,-0.9811
1541,409,-0.9372,-0.8372
1540,410,-0.5718,-0.4718
1539,411,-0.4059,-0.3059
1538,412,-0.4645,-0.3645
1537,413,-0.4635,-0.3635
1536,414,-0.4288,-0.3288
1535,415,-0.4952,-0.3952
1534,416,-0.6658,-0.5658
1533,417,-0.7885,-0.6885
1532,418,-0.8031,-0.7031
1531,419,-0.829,-0.729
1530,420,-0.8888,-0.7888
1529,421,-0.9372,-0.8372
1528,422,-0.8562,-0.7562
1527,423,-0.6688,-0.5688
1526,424,-0.5868,-0.4868
1525,425,-0.6435,-0.5435
1524,426,-0.7927,-0.6927
1523,427,-0.9655,-0.8655
1522,428,-0.9353,-0.8353
1521,429,-0.6838,-0.5838
1520,430,-0.4178,-0.3178
1519,431,-0.3674,-0.2674
1518,432,-0.4406,-0.3406
1517,433,-0.4672,-0.3672
1516,434,-0.5075,-0.4075
1515,435,-0.5732,-0.4732
1514,436,-0.5857,-0.4857
1513,437,-0.5957,-0.4957
1512,438,-0.548,-0.448
1511,439,-0.4168,-0.3168
1510,440,-0.3351,-0.2351
1509,441,-0.3782,-0.2782
1508,442,-0.4772,-0.3772
1507,443,-0.5353,-0.4353
1506,444,-0.5786,-0.4786
1505,445,-0.5811,-0.4811
1504,446,-0.5267,-0.4267
1503,447,-0.4584,-0.3584
1502,448,-0.4478,-0.3478
1501,449,-0.5872,-0.4872
1500,450,-0.6916,-0.5916
1499,451,-0.5963,-0.4963
1498,452,-0.6284,-0.5284
1497,453,-0.7842,-0.6842
1496,454,-0.7158,-0.6158
1495,455,-0.4743,-0.3743
1494,456,-0.3364,-0.2364
1493,457,-0.4783,-0.3783
1492,458,-0.577,-0.477
1491,459,-0.3142,-0.2142
1490,460,-0.029,0.071
1489,461,-0.0167,0.0833
1488,462,-0.1167,-0.0167
1487,463,-0.1231,-0.0231
1486,464,-0.1138,-0.0138
1485,465,-0.113,-0.013
1484,466,-0.2045,-0.1045
1483,467,-0.4452,-0.3452
1482,468,-0.5676,-0.4676
1481,469,-0.5241,-0.4241
1480,470,-0.5673,-0.4673
1479,471,-0.6042,-0.5042
1478,472,-0.4674,-0.3674
1477,473,-0.4053,-0.3053
1476,474,-0.5629,-0.4629
1475,475,-0.7,-0.6
1474,476,-0.648,-0.548
1473,477,-0.5224,-0.4224
1472,478,-0.429,-0.329
1471,479,-0.3434,-0.2434
1470,480,-0.3168,-0.2168
1469,481,-0.4767,-0.3767
1468,482,-0.6138,-0.5138
1467,483,-0.5597,-0.4597
1466,484,-0.5835,-0.4835
1465,485,-0.7112,-0.6112
1464,486,-0.7088,-0.6088
1463,487,-0.5915,-0.4915
1462,488,-0.6112,-0.5112
1461,489,-0.661,-0.561
1460,490,-0.5702,-0.4702
1459,491,-0.482,-0.382
1458,492,-0.592,-0.492
1457,493,-0.8093,-0.7093
1456,494,-0.8423,-0.7423
1455,495,-0.6787,-0.5787
1454,496,-0.5682,-0.4682
1453,497,-0.5908,-0.4908
1452,498,-0.6238,-0.5238
1451,499,-0.6645,-0.5645
1450,500,-0.7255,-0.6255
1449,501,-0.7086,-0.6086
1448,502,-0.6431,-0.5431
1447,503,-0.5463,-0.4463
1446,504,-0.4635,-0.3635
1445,505,-0.3484,-0.2484
1444,506,-0.2078,-0.1078
1443,507,-0.2112,-0.1112
1442,508,-0.3396,-0.2396
1441,509,-0.3307,-0.2307
1440,510,-0.2614,-0.1614
1439,511,-0.315,-0.215
1438,512,-0.385,-0.285
1437,513,-0.3128,-0.2128
1436,514,-0.2245,-0.1245
1435,515,-0.3131,-0.2131
1434,516,-0.4327,-0.3327
1433,517,-0.3832,-0.2832
1432,518,-0.3217,-0.2217
1431,519,-0.303,-0.203
1430,520,-0.2294,-0.1294
1429,521,-0.1167,-0.0167
1428,522,-0.0255,0.0745
1427,523,-0.0959,0.0041
1426,524,-0.2168,-0.1168
1425,525,-0.1542,-0.0542
1424,526,-0.0041,0.0959
1423,527,-0.0016,0.0984
1422,528,-0.1496,-0.0496
1421,529,-0.2231,-0.1231
1420,530,-0.1775,-0.0775
1419,531,-0.1118,-0.0118
1418,532,-0.0215,0.0785
1417,533,-0.0249,0.0751
1416,534,-0.1742,-0.0742
1415,535,-0.3306,-0.2306
1414,536,-0.4013,-0.3013
1413,537,-0.336,-0.236
1412,538,-0.2116,-0.1116
1411,539,-0.1863,-0.0863
1410,540,-0.203,-0.103
1409,541,-0.2032,-0.1032
1408,542,-0.2535,-0.1535
1407,543,-0.2212,-0.1212
1406,544,-0.0838,0.0162
1405,545,-0.1052,-0.0052
1404,546,-0.2615,-0.1615
1403,547,-0.3475,-0.2475
1402,548,-0.3912,-0.2912
1401,549,-0.4629,-0.3629
1400,550,-0.4922,-0.3922
1399,551,-0.4656,-0.3656
1398,552,-0.4427,-0.3427
1397,553,-0.4525,-0.3525
1396,554,-0.4187,-0.3187
1395,555,-0.284,-0.184
1394,556,-0.1959,-0.0959
1393,557,-0.2526,-0.1526
1392,558,-0.294,-0.194
1391,559,-0.3301,-0.2301
1390,560,-0.3715,-0.2715
1389,561,-0.2933,-0.1933
1388,562,-0.2308,-0.1308
1387,563,-0.2205,-0.1205
1386,564,-0.1452,-0.0452
1385,565,-0.1077,-0.0077
1384,566,-0.1913,-0.0913
1383,567,-0.3185,-0.2185
1382,568,-0.4084,-0.3084
1381,569,-0.4249,-0.3249
1380,570,-0.4764,-0.3764
1379,571,-0.5439,-0.4439
1378,572,-0.5421,-0.4421
1377,573,-0.5287,-0.4287
1376,574,-0.4178,-0.3178
1375,575,-0.2813,-0.1813
1374,576,-0.2336,-0.1336
1373,577,-0.3311,-0.2311
1372,578,-0.4662,-0.3662
1371,579,-0.4546,-0.3546
1370,580,-0.3426,-0.2426
1369,581,-0.2566,-0.1566
1368,582,-0.1534,-0.0534
1367,583,-0.1383,-0.0383
1366,584,-0.2849,-0.1849
1365,585,-0.4013,-0.3013
1364,586,-0.3552,-0.2552
1363,587,-0.3343,-0.2343
1362,588,-0.4127,-0.3127
1361,589,-0.4041,-0.3041
1360,590,-0.2845,-0.1845
1359,591,-0.2011,-0.1011
1358,592,-0.1414,-0.0414
1357,593,-0.0138,0.0862
1356,594,0.0144,0.1144
1355,595,-0.135,-0.035
1354,596,-0.2327,-0.1327
1353,597,-0.201,-0.101
1352,598,-0.2896,-0.1896
1351,599,-0.4623,-0.3623
1350,600,-0.4348,-0.3348
1349,601,-0.3409,-0.2409
1348,602,-0.3182,-0.2182
1347,603,-0.3063,-0.2063
1346,604,-0.292,-0.192
1345,605,-0.2941,-0.1941
1344,606,-0.2585,-0.1585
1343,607,-0.1822,-0.0822
1342,608,-0.1743,-0.0743
1341,609,-0.2634,-0.1634
1340,610,-0.3961,-0.2961
1339,611,-0.5446,-0.4446
1338,612,-0.5964,-0.4964
1337,613,-0.5466,-0.4466
1336,614,-0.5727,-0.4727
1335,615,-0.5134,-0.4134
1334,616,-0.3304,-0.2304
1333,617,-0.1936,-0.0936
1332,618,-0.1148,-0.0148
1331,619,-0.0758,0.0242
1330,620,-0.1918,-0.0918
1329,621,-0.3785,-0.2785
1328,622,-0.3354,-0.2354
1327,623,-0.1763,-0.0763
1326,624,-0.152,-0.052
1325,625,-0.2295,-0.1295
1324,626,-0.3702,-0.2702
1323,627,-0.4661,-0.3661
1322,628,-0.3823,-0.2823
1321,629,-0.2812,-0.1812
1320,630,-0.3594,-0.2594
1319,631,-0.5169,-0.4169
1318,632,-0.5462,-0.4462
1317,633,-0.4923,-0.3923
1316,634,-0.4734,-0.3734
1315,635,-0.3885,-0.2885
1314,636,-0.2571,-0.1571
1313,637,-0.2823,-0.1823
1312,638,-0.3019,-0.2019
1311,639,-0.2609,-0.1609
1310,640,-0.3137,-0.2137
1309,641,-0.3949,-0.2949
1308,642,-0.4466,-0.3466
1307,643,-0.5095,-0.4095
1306,644,-0.4811,-0.3811
1305,645,-0.4317,-0.3317
1304,646,-0.4362,-0.3362
1303,647,-0.4151,-0.3151
1302,648,-0.3993,-0.2993
1301,649,-0.4654,-0.3654
1300,650,-0.5774,-0.4774
1299,651,-0.6363,-0.5363
1298,652,-0.5953,-0.4953
1297,653,-0.5849,-0.4849
1296,654,-0.6314,-0.5314
1295,655,-0.6045,-0.5045
1294,656,-0.5662,-0.4662
1293,657,-0.612,-0.512
1292,658,-0.596,-0.496
1291,659,-0.4586,-0.3586
1290,660,-0.4288,-0.3288
1289,661,-0.5456,-0.4456
1288,662,-0.5364,-0.4364
1287,663,-0.4262,-0.3262
1286,664,-0.5689,-0.4689
1285,665,-0.7587,-0.6587
1284,666,-0.6215,-0.5215
1283,667,-0.4181,-0.3181
1282,668,-0.3879,-0.2879
1281,669,-0.3437,-0.2437
1280,670,-0.221,-0.121
1279,671,-0.2173,-0.1173
1278,672,-0.3579,-0.2579
1277,673,-0.438,-0.338
1276,674,-0.3256,-0.2256
1275,675,-0.1971,-0.0971
1274,676,-0.3121,-0.2121
1273,677,-0.4377,-0.3377
1272,678,-0.3303,-0.2303
1271,679,-0.285,-0.185
1270,680,-0.3752,-0.2752
1269,681,-0.3799,-0.2799
1268,682,-0.2093,-0.1093
1267,683,-0.0884,0.0116
1266,684,-0.2019,-0.1019
1265,685,-0.4612,-0.3612
1264,686,-0.5565,-0.4565
1263,687,-0.3723,-0.2723
1262,688,-0.1975,-0.0975
1261,689,-0.1485,-0.0485
1260,690,-0.2071,-0.1071
1259,691,-0.4017,-0.3017
1258,692,-0.5279,-0.4279
1257,693,-0.4365,-0.3365
1256,694,-0.4018,-0.3018
1255,695,-0.5155,-0.4155
1254,696,-0.5803,-0.4803
1253,697,-0.4616,-0.3616
1252,698,-0.3424,-0.2424
1251,699,-0.262,-0.162
1250,700,-0.1092,-0.0092
1249,701,0.0025,0.1025
1248,702,-0.0819,0.0181
1247,703,-0.2698,-0.1698
1246,704,-0.3412,-0.2412
1245,705,-0.2823,-0.1823
1244,706,-0.2736,-0.1736
1243,707,-0.2668,-0.1668
1242,708,-0.1859,-0.0859
1241,709,-0.132,-0.032
1240,710,-0.1607,-0.0607
1239,711,-0.2104,-0.1104
1238,712,-0.2733,-0.1733
1237,713,-0.3932,-0.2932
1236,714,-0.4628,-0.3628
1235,715,-0.4259,-0.3259
1234,716,-0.4003,-0.3003
1233,717,-0.3269,-0.2269
1232,718,-0.1646,-0.0646
1231,719,-0.0198,0.0802
1230,720,0.0744,0.1744
1229,721,0.0968,0.1968
1228,722,-0.0746,0.0254
1227,723,-0.2529,-0.1529
1226,724,-0.17,-0.07
1225,725,-0.0981,0.0019
1224,726,-0.1142,-0.0142
1223,727,-0.0998,0.0002
1222,728,-0.1227,-0.0227
1221,729,-0.169,-0.069
1220,730,-0.1652,-0.0652
1219,731,-0.3089,-0.2089
1218,732,-0.5719,-0.4719
1217,733,-0.5819,-0.4819
1216,734,-0.3935,-0.2935
1215,735,-0.2891,-0.1891
1214,736,-0.2068,-0.1068
1213,737,-0.128,-0.028
1212,738,-0.0965,0.0035
1211,739,-0.1212,-0.0212
1210,740,-0.2031,-0.1031
1209,741,-0.3336,-0.2336
1208,742,-0.4423,-0.3423
1207,743,-0.4482,-0.3482
1206,744,-0.3694,-0.2694
1205,745,-0.209,-0.109
1204,746,-0.0791,0.0209
1203,747,-0.0689,0.0311
1202,748,-0.1106,-0.0106
1201,749,-0.1881,-0.0881
1200,750,-0.3133,-0.2133
1199,751,-0.3838,-0.2838
1198,752,-0.3346,-0.2346
1197,753,-0.3388,-0.2388
1196,754,-0.3749,-0.2749
1195,755,-0.312,-0.212
1194,756,-0.3017,-0.2017
1193,757,-0.2839,-0.1839
1192,758,-0.2263,-0.1263
1191,759,-0.2027,-0.1027
1190,760,-0.1842,-0.0842
1189,761,-0.1825,-0.0825
1188,762,-0.1964,-0.0964
1187,763,-0.2368,-0.1368
1186,764,-0.2411,-0.1411
1185,765,-0.1525,-0.0525
1184,766,-0.0818,0.0182
1183,767,-0.0412,0.0588
1182,768,-0.0205,0.0795
1181,769,-0.0853,0.0147
1180,770,-0.1505,-0.0505
1179,771,-0.0666,0.0334
1178,772,-0.0002,0.0998
1177,773,-0.0922,0.0078
1176,774,-0.1932,-0.0932
1175,775,-0.1923,-0.0923
1174,776,-0.1237,-0.0237
1173,777,-0.15,-0.05
1172,778,-0.2905,-0.1905
1171,779,-0.3477,-0.2477
1170,780,-0.2361,-0.1361
1169,781,-0.1305,-0.0305
1168,782,-0.1317,-0.0317
1167,783,-0.0896,0.0104
1166,784,-0.0463,0.0537
1165,785,-0.0955,0.0045
1164,786,-0.1711,-0.0711
1163,787,-0.2233,-0.1233
1162,788,-0.2393,-0.1393
1161,789,-0.1476,-0.0476
1160,790,-0.0338,0.0662
1159,791,-0.0097,0.0903
1158,792,-0.0848,0.0152
1157,793,-0.1627,-0.0627
1156,794,-0.1377,-0.0377
1155,795,-0.1086,-0.0086
1154,796,-0.1488,-0.0488
1153,797,-0.194,-0.094
1152,798,-0.2972,-0.1972
1151,799,-0.4364,-0.3364
1150,800,-0.3673,-0.2673
1149,801,-0.2273,-0.1273
1148,802,-0.2217,-0.1217
1147,803,-0.2113,-0.1113
1146,804,-0.1412,-0.0412
1145,805,-0.0391,0.0609
1144,806,0.0497,0.1497
1143,807,0.0039,0.1039
1142,808,-0.1234,-0.0234
1141,809,-0.2076,-0.1076
1140,810,-0.2604,-0.1604
1139,811,-0.2392,-0.1392
1138,812,-0.1449,-0.0449
1137,813,-0.1039,-0.0039
1136,814,-0.1455,-0.0455
1135,815,-0.2143,-0.1143
1134,816,-0.3409,-0.2409
1133,817,-0.4305,-0.3305
1132,818,-0.2814,-0.1814
1131,819,-0.0757,0.0243
1130,820,-0.041,0.059
1129,821,-0.1041,-0.0041
1128,822,-0.2396,-0.1396
1127,823,-0.4081,-0.3081
1126,824,-0.3587,-0.2587
1125,825,-0.1891,-0.0891
1124,826,-0.17,-0.07
1123,827,-0.1787,-0.0787
1122,828,-0.1541,-0.0541
1121,829,-0.1354,-0.0354
1120,830,-0.0467,0.0533
1119,831,0.0292,0.1292
1118,832,0.0521,0.1521
1117,833,0.1102,0.2102
1116,834,0.1742,0.2742
1115,835,0.1436,0.2436
1114,836,0.0351,0.1351
1113,837,0.0274,0.1274
1112,838,0.0932,0.1932
1111,839,0.0703,0.1703
1110,840,0.044,0.144
1109,841,0.0393,0.1393
1108,842,0.0213,0.1213
1107,843,0.1181,0.2181
1106,844,0.331,0.431
1105,845,0.3717,0.4717
1104,846,0.0873,0.1873
1103,847,-0.2056,-0.1056
1102,848,-0.1981,-0.0981
1101,849,-0.0781,0.0219
1100,850,-0.0362,0.0638
1099,851,-0.1813,-0.0813
1098,852,-0.3351,-0.2351
1097,853,-0.2437,-0.1437
1096,854,-0.1037,-0.0037
1095,855,-0.0369,0.0631
1094,856,-0.0202,0.0798
1093,857,-0.0025,0.0975
1092,858,0.1127,0.2127
1091,859,0.1805,0.2805
1090,860,0.1261,0.2261
1089,861,0.0551,0.1551
1088,862,0.0777,0.1777
1087,863,0.1333,0.2333
1086,864,0.1073,0.2073
1085,865,0.0404,0.1404
1084,866,-0.0116,0.0884
1083,867,-0.0265,0.0735
1082,868,0.0207,0.1207
1081,869,0.0426,0.1426
1080,870,-0.0083,0.0917
1079,871,-0.1233,-0.0233
1078,872,-0.2276,-0.1276
1077,873,-0.2148,-0.1148
1076,874,-0.1471,-0.0471
1075,875,-0.1588,-0.0588
1074,876,-0.239,-0.139
1073,877,-0.2662,-0.1662
1072,878,-0.257,-0.157
1071,879,-0.3231,-0.2231
1070,880,-0.4115,-0.3115
1069,881,-0.4165,-0.3165
1068,882,-0.3981,-0.2981
1067,883,-0.3375,-0.2375
1066,884,-0.1246,-0.0246
1065,885,0.068,0.168
1064,886,-0.0054,0.0946
1063,887,-0.1252,-0.0252
1062,888,0.0017,0.1017
1061,889,0.1325,0.2325
1060,890,-0.0162,0.0838
1059,891,-0.2027,-0.1027
1058,892,-0.2002,-0.1002
1057,893,-0.1825,-0.0825
1056,894,-0.2516,-0.1516
1055,895,-0.2778,-0.1778
1054,896,-0.223,-0.123
1053,897,-0.2043,-0.1043
1052,898,-0.1671,-0.0671
1051,899,-0.1266,-0.0266
1050,900,-0.1798,-0.0798
1049,901,-0.3237,-0.2237
1048,902,-0.3406,-0.2406
1047,903,-0.1626,-0.0626
1046,904,-0.0715,0.0285
1045,905,-0.1552,-0.0552
1044,906,-0.275,-0.175
1043,907,-0.2338,-0.1338
1042,908,-0.022,0.078
1041,909,0.0811,0.1811
1040,910,0.0124,0.1124
1039,911,-0.0442,0.0558
1038,912,-0.041,0.059
1037,913,-0.0801,0.0199
1036,914,-0.1677,-0.0677
1035,915,-0.2018,-0.1018
1034,916,-0.1577,-0.0577
1033,917,-0.1299,-0.0299
1032,918,-0.0499,0.0501
1031,919,0.0636,0.1636
1030,920,0.0972,0.1972
1029,921,0.0893,0.1893
1028,922,0.0762,0.1762
1027,923,-0.0011,0.0989
1026,924,-0.0851,0.0149
1025,925,-0.0272,0.0728
1024,926,0.1103,0.2103
1023,927,0.0795,0.1795
1022,928,-0.0774,0.0226
1021,929,-0.0573,0.0427
1020,930,0.0668,0.1668
1019,931,0.1087,0.2087
1018,932,0.1922,0.2922
1017,933,0.2985,0.3985
1016,934,0.2681,0.3681
1015,935,0.0905,0.1905
1014,936,-0.0756,0.0244
1013,937,-0.0776,0.0224
1012,938,0.0026,0.1026
1011,939,0.0125,0.1125
1010,940,-0.0344,0.0656
1009,941,-0.0151,0.0849
1008,942,0.0923,0.1923
1007,943,0.1038,0.2038
1006,944,-0.1182,-0.0182
1005,945,-0.2549,-0.1549
1004,946,-0.1425,-0.0425
1003,947,-0.0748,0.0252
1002,948,-0.1098,-0.0098
1001,949,-0.1134,-0.0134
1000,950,-0.0256,0.0744
999,951,0.0167,0.1167
998,952,-0.0152,0.0848
997,953,-0.0319,0.0681
996,954,-0.1577,-0.0577
995,955,-0.3136,-0.2136
994,956,-0.1695,-0.0695
993,957,0.0664,0.1664
992,958,0.1427,0.2427
991,959,0.1652,0.2652
990,960,0.2074,0.3074
989,961,0.1976,0.2976
988,962,0.142,0.242
987,963,0.1134,0.2134
986,964,0.0778,0.1778
985,965,-0.0199,0.0801
984,966,-0.1143,-0.0143
983,967,-0.0766,0.0234
982,968,-0.073,0.027
981,969,-0.2371,-0.1371
980,970,-0.3268,-0.2268
979,971,-0.2131,-0.1131
978,972,0.0049,0.1049
977,973,0.0305,0.1305
976,974,-0.1253,-0.0253
975,975,-0.1837,-0.0837
974,976,-0.1538,-0.0538
973,977,-0.2296,-0.1296
972,978,-0.3149,-0.2149
971,979,-0.2191,-0.1191
970,980,-0.1229,-0.0229
969,981,-0.1579,-0.0579
968,982,-0.2037,-0.1037
967,983,-0.2053,-0.1053
966,984,-0.0509,0.0491
965,985,0.0576,0.1576
964,986,0.0117,0.1117
963,987,-0.0688,0.0312
962,988,-0.2297,-0.1297
961,989,-0.3773,-0.2773
960,990,-0.2847,-0.1847
959,991,-0.2178,-0.1178
958,992,-0.3658,-0.2658
957,993,-0.4773,-0.3773
956,994,-0.4131,-0.3131
955,995,-0.3632,-0.2632
954,996,-0.3318,-0.2318
953,997,-0.3085,-0.2085
952,998,-0.2998,-0.1998
951,999,-0.2496,-0.1496
950,1000,-0.2219,-0.1219
949,1001,-0.2634,-0.1634
948,1002,-0.3023,-0.2023
947,1003,-0.2954,-0.1954
946,1004,-0.2823,-0.1823
945,1005,-0.3321,-0.2321
944,1006,-0.3857,-0.2857
943,1007,-0.3442,-0.2442
942,1008,-0.2127,-0.1127
941,1009,-0.0546,0.0454
940,1010,-0.0487,0.0513
939,1011,-0.151,-0.051
938,1012,-0.1091,-0.0091
937,1013,0.0286,0.1286
936,1014,0.0037,0.1037
935,1015,-0.0961,0.0039
934,1016,-0.1472,-0.0472
933,1017,-0.229,-0.129
932,1018,-0.3203,-0.2203
931,1019,-0.3455,-0.2455
930,1020,-0.3218,-0.2218
929,1021,-0.2445,-0.1445
928,1022,-0.1883,-0.0883
927,1023,-0.2059,-0.1059
926,1024,-0.2805,-0.1805
925,1025,-0.4576,-0.3576
924,1026,-0.6323,-0.5323
923,1027,-0.5724,-0.4724
922,1028,-0.3771,-0.2771
921,1029,-0.3317,-0.2317
920,1030,-0.457,-0.357
919,1031,-0.4544,-0.3544
918,1032,-0.2369,-0.1369
917,1033,-0.0987,0.0013
916,1034,-0.1834,-0.0834
915,1035,-0.3005,-0.2005
914,1036,-0.3958,-0.2958
913,1037,-0.4543,-0.3543
912,1038,-0.411,-0.311
911,1039,-0.3697,-0.2697
910,1040,-0.3683,-0.2683
909,1041,-0.3728,-0.2728
908,1042,-0.4466,-0.3466
907,1043,-0.5451,-0.4451
906,1044,-0.506,-0.406
905,1045,-0.4491,-0.3491
904,1046,-0.5011,-0.4011
903,1047,-0.4888,-0.3888
902,1048,-0.3909,-0.2909
901,1049,-0.3288,-0.2288
900,1050,-0.2821,-0.1821
899,1051,-0.1514,-0.0514
898,1052,0.0717,0.1717
897,1053,0.3003,0.4003
896,1054,0.3566,0.4566
895,1055,0.2177,0.3177
894,1056,0.0989,0.1989
893,1057,0.0716,0.1716
892,1058,0.0758,0.1758
891,1059,0.022,0.122
890,1060,-0.0971,0.0029
889,1061,-0.1927,-0.0927
888,1062,-0.2239,-0.1239
887,1063,-0.2452,-0.1452
886,1064,-0.2245,-0.1245
885,1065,-0.2706,-0.1706
884,1066,-0.4305,-0.3305
883,1067,-0.3952,-0.2952
882,1068,-0.166,-0.066
881,1069,-0.0532,0.0468
880,1070,-0.0619,0.0381
879,1071,-0.0845,0.0155
878,1072,-0.1373,-0.0373
877,1073,-0.1476,-0.0476
876,1074,-0.1005,-0.0005
875,1075,-0.1105,-0.0105
874,1076,-0.175,-0.075
873,1077,-0.2558,-0.1558
872,1078,-0.3252,-0.2252
871,1079,-0.3026,-0.2026
870,1080,-0.2631,-0.1631
869,1081,-0.38,-0.28
868,1082,-0.5518,-0.4518
867,1083,-0.5795,-0.4795
866,1084,-0.5269,-0.4269
865,1085,-0.4573,-0.3573
864,1086,-0.3076,-0.2076
863,1087,-0.2459,-0.1459
862,1088,-0.3281,-0.2281
861,1089,-0.3915,-0.2915
860,1090,-0.3435,-0.2435
859,1091,-0.188,-0.088
858,1092,-0.0855,0.0145
857,1093,-0.1732,-0.0732
856,1094,-0.3475,-0.2475
855,1095,-0.4397,-0.3397
854,1096,-0.427,-0.327
853,1097,-0.3682,-0.2682
852,1098,-0.3177,-0.2177
851,1099,-0.3288,-0.2288
850,1100,-0.3245,-0.2245
849,1101,-0.2626,-0.1626
848,1102,-0.3019,-0.2019
847,1103,-0.3586,-0.2586
846,1104,-0.2989,-0.1989
845,1105,-0.1968,-0.0968
844,1106,-0.0216,0.0784
843,1107,0.1244,0.2244
842,1108,0.0285,0.1285
841,1109,-0.1836,-0.0836
840,1110,-0.2368,-0.1368
839,1111,-0.2014,-0.1014
838,1112,-0.1733,-0.0733
837,1113,-0.1639,-0.0639
836,1114,-0.1559,-0.0559
835,1115,-0.1288,-0.0288
834,1116,-0.0895,0.0105
833,1117,-0.0712,0.0288
832,1118,-0.121,-0.021
831,1119,-0.2271,-0.1271
830,1120,-0.339,-0.239
829,1121,-0.3497,-0.2497
828,1122,-0.3028,-0.2028
827,1123,-0.3456,-0.2456
826,1124,-0.4454,-0.3454
825,1125,-0.4639,-0.3639
824,1126,-0.3263,-0.2263
823,1127,-0.1821,-0.0821
822,1128,-0.0585,0.0415
821,1129,-0.0347,0.0653
820,1130,-0.1891,-0.0891
819,1131,-0.4622,-0.3622
818,1132,-0.699,-0.599
817,1133,-0.7217,-0.6217
816,1134,-0.5612,-0.4612
815,1135,-0.5317,-0.4317
814,1136,-0.5956,-0.4956
813,1137,-0.4979,-0.3979
812,1138,-0.3645,-0.2645
811,1139,-0.4263,-0.3263
810,1140,-0.6896,-0.5896
809,1141,-0.7973,-0.6973
808,1142,-0.5758,-0.4758
807,1143,-0.3632,-0.2632
806,1144,-0.3028,-0.2028
805,1145,-0.3346,-0.2346
804,1146,-0.3543,-0.2543
803,1147,-0.3238,-0.2238
802,1148,-0.3651,-0.2651
801,1149,-0.413,-0.313
800,1150,-0.4394,-0.3394
799,1151,-0.4658,-0.3658
798,1152,-0.3824,-0.2824
797,1153,-0.2622,-0.1622
796,1154,-0.2083,-0.1083
795,1155,-0.2799,-0.1799
794,1156,-0.3543,-0.2543
793,1157,-0.2764,-0.1764
792,1158,-0.1775,-0.0775
791,1159,-0.1694,-0.0694
790,1160,-0.2084,-0.1084
789,1161,-0.2215,-0.1215
788,1162,-0.154,-0.054
787,1163,-0.0602,0.0398
786,1164,-0.0064,0.0936
785,1165,0.0361,0.1361
784,1166,0.02,0.12
783,1167,-0.1196,-0.0196
782,1168,-0.2773,-0.1773
781,1169,-0.3691,-0.2691
780,1170,-0.3808,-0.2808
779,1171,-0.3707,-0.2707
778,1172,-0.3937,-0.2937
777,1173,-0.4167,-0.3167
776,1174,-0.4204,-0.3204
775,1175,-0.4263,-0.3263
774,1176,-0.4509,-0.3509
773,1177,-0.4604,-0.3604
772,1178,-0.4079,-0.3079
771,1179,-0.328,-0.228
770,1180,-0.2647,-0.1647
769,1181,-0.2459,-0.1459
768,1182,-0.3034,-0.2034
767,1183,-0.3867,-0.2867
766,1184,-0.3198,-0.2198
765,1185,-0.1419,-0.0419
764,1186,-0.1252,-0.0252
763,1187,-0.3459,-0.2459
762,1188,-0.5517,-0.4517
761,1189,-0.5055,-0.4055
760,1190,-0.3169,-0.2169
759,1191,-0.1922,-0.0922
758,1192,-0.2161,-0.1161
757,1193,-0.2964,-0.1964
756,1194,-0.3431,-0.2431
755,1195,-0.3312,-0.2312
754,1196,-0.2904,-0.1904
753,1197,-0.3271,-0.2271
752,1198,-0.408,-0.308
751,1199,-0.3963,-0.2963
750,1200,-0.3248,-0.2248
749,1201,-0.3088,-0.2088
748,1202,-0.3004,-0.2004
747,1203,-0.3087,-0.2087
746,1204,-0.3932,-0.2932
745,1205,-0.4838,-0.3838
744,1206,-0.5032,-0.4032
743,1207,-0.4396,-0.3396
742,1208,-0.3628,-0.2628
741,1209,-0.4242,-0.3242
740,1210,-0.5116,-0.4116
739,1211,-0.4428,-0.3428
738,1212,-0.302,-0.202
737,1213,-0.2002,-0.1002
736,1214,-0.0847,0.0153
735,1215,-0.0386,0.0614
734,1216,-0.1224,-0.0224
733,1217,-0.1438,-0.0438
732,1218,-0.0631,0.0369
731,1219,-0.0454,0.0546
730,1220,-0.1561,-0.0561
729,1221,-0.2747,-0.1747
728,1222,-0.2859,-0.1859
727,1223,-0.2665,-0.1665
726,1224,-0.2344,-0.1344
725,1225,-0.1881,-0.0881
724,1226,-0.1459,-0.0459
723,1227,-0.124,-0.024
722,1228,-0.1636,-0.0636
721,1229,-0.2963,-0.1963
720,1230,-0.4393,-0.3393
719,1231,-0.4534,-0.3534
718,1232,-0.3959,-0.2959
717,1233,-0.319,-0.219
716,1234,-0.227,-0.127
715,1235,-0.2137,-0.1137
714,1236,-0.2419,-0.1419
713,1237,-0.2274,-0.1274
712,1238,-0.2372,-0.1372
711,1239,-0.2418,-0.1418
710,1240,-0.1988,-0.0988
709,1241,-0.207,-0.107
708,1242,-0.3009,-0.2009
707,1243,-0.3585,-0.2585
706,1244,-0.2224,-0.1224
705,1245,-0.0064,0.0936
704,1246,0.0505,0.1505
703,1247,-0.0847,0.0153
702,1248,-0.1592,-0.0592
701,1249,-0.1017,-0.0017
700,1250,-0.1907,-0.0907
699,1251,-0.4031,-0.3031
698,1252,-0.373,-0.273
697,1253,-0.2019,-0.1019
696,1254,-0.1203,-0.0203
695,1255,-0.092,0.008
694,1256,-0.0757,0.0243
693,1257,-0.1008,-0.0008
692,1258,-0.1352,-0.0352
691,1259,-0.1371,-0.0371
690,1260,-0.1585,-0.0585
689,1261,-0.19,-0.09
688,1262,-0.1777,-0.0777
687,1263,-0.1688,-0.0688
686,1264,-0.2259,-0.1259
685,1265,-0.3232,-0.2232
684,1266,-0.3357,-0.2357
683,1267,-0.2613,-0.1613
682,1268,-0.3135,-0.2135
681,1269,-0.4319,-0.3319
680,1270,-0.314,-0.214
679,1271,-0.1927,-0.0927
678,1272,-0.3536,-0.2536
677,1273,-0.5143,-0.4143
676,1274,-0.3582,-0.2582
675,1275,-0.0889,0.0111
674,1276,-0.0244,0.0756
673,1277,-0.0827,0.0173
672,1278,-0.068,0.032
671,1279,-0.1384,-0.0384
670,1280,-0.3006,-0.2006
669,1281,-0.3582,-0.2582
668,1282,-0.2915,-0.1915
667,1283,-0.21,-0.11
666,1284,-0.1959,-0.0959
665,1285,-0.2835,-0.1835
664,1286,-0.3128,-0.2128
663,1287,-0.2289,-0.1289
662,1288,-0.2452,-0.1452
661,1289,-0.38,-0.28
660,1290,-0.4305,-0.3305
659,1291,-0.3787,-0.2787
658,1292,-0.3105,-0.2105
657,1293,-0.2364,-0.1364
656,1294,-0.1458,-0.0458
655,1295,-0.1267,-0.0267
654,1296,-0.2153,-0.1153
653,1297,-0.3091,-0.2091
652,1298,-0.3988,-0.2988
651,1299,-0.4664,-0.3664
650,1300,-0.4228,-0.3228
649,1301,-0.4271,-0.3271
648,1302,-0.4542,-0.3542
647,1303,-0.4247,-0.3247
646,1304,-0.5342,-0.4342
645,1305,-0.7317,-0.6317
644,1306,-0.7199,-0.6199
643,1307,-0.5534,-0.4534
642,1308,-0.4544,-0.3544
641,1309,-0.4836,-0.3836
640,1310,-0.5832,-0.4832
639,1311,-0.6077,-0.5077
638,1312,-0.5165,-0.4165
637,1313,-0.4338,-0.3338
636,1314,-0.416,-0.316
635,1315,-0.4167,-0.3167
634,1316,-0.3953,-0.2953
633,1317,-0.3478,-0.2478
632,1318,-0.3334,-0.2334
631,1319,-0.4037,-0.3037
630,1320,-0.4616,-0.3616
629,1321,-0.4221,-0.3221
628,1322,-0.4506,-0.3506
627,1323,-0.6138,-0.5138
626,1324,-0.6675,-0.5675
625,1325,-0.5647,-0.4647
624,1326,-0.4533,-0.3533
623,1327,-0.4154,-0.3154
622,1328,-0.4342,-0.3342
621,1329,-0.4865,-0.3865
620,1330,-0.5243,-0.4243
619,1331,-0.459,-0.359
618,1332,-0.3576,-0.2576
617,1333,-0.348,-0.248
616,1334,-0.441,-0.341
615,1335,-0.501,-0.401
614,1336,-0.4355,-0.3355
613,1337,-0.3897,-0.2897
612,1338,-0.4893,-0.3893
611,1339,-0.6112,-0.5112
610,1340,-0.5992,-0.4992
609,1341,-0.4908,-0.3908
608,1342,-0.4013,-0.3013
607,1343,-0.3788,-0.2788
606,1344,-0.3714,-0.2714
605,1345,-0.3136,-0.2136
604,1346,-0.3136,-0.2136
603,1347,-0.385,-0.285
602,1348,-0.3613,-0.2613
601,1349,-0.2665,-0.1665
600,1350,-0.2535,-0.1535
599,1351,-0.3277,-0.2277
598,1352,-0.367,-0.267
597,1353,-0.3867,-0.2867
596,1354,-0.4044,-0.3044
595,1355,-0.3509,-0.2509
594,1356,-0.2502,-0.1502
593,1357,-0.1308,-0.0308
592,1358,-0.2184,-0.1184
591,1359,-0.4805,-0.3805
590,1360,-0.5508,-0.4508
589,1361,-0.445,-0.345
588,1362,-0.3045,-0.2045
587,1363,-0.1271,-0.0271
586,1364,-0.0488,0.0512
585,1365,-0.1054,-0.0054
584,1366,-0.155,-0.055
583,1367,-0.1482,-0.0482
582,1368,-0.1849,-0.0849
581,1369,-0.3103,-0.2103
580,1370,-0.3979,-0.2979
579,1371,-0.3576,-0.2576
578,1372,-0.301,-0.201
577,1373,-0.3035,-0.2035
576,1374,-0.3119,-0.2119
575,1375,-0.2952,-0.1952
574,1376,-0.3086,-0.2086
573,1377,-0.3336,-0.2336
572,1378,-0.3586,-0.2586
571,1379,-0.4345,-0.3345
570,1380,-0.5498,-0.4498
569,1381,-0.5446,-0.4446
568,1382,-0.369,-0.269
567,1383,-0.2868,-0.1868
566,1384,-0.3725,-0.2725
565,1385,-0.4111,-0.3111
564,1386,-0.5096,-0.4096
563,1387,-0.7346,-0.6346
562,1388,-0.6797,-0.5797
561,1389,-0.3061,-0.2061
560,1390,-0.071,0.029
559,1391,-0.138,-0.038
558,1392,-0.2299,-0.1299
557,1393,-0.2373,-0.1373
556,1394,-0.3243,-0.2243
555,1395,-0.5869,-0.4869
554,1396,-0.7948,-0.6948
553,1397,-0.6511,-0.5511
552,1398,-0.4363,-0.3363
551,1399,-0.3728,-0.2728
550,1400,-0.367,-0.267
549,1401,-0.3903,-0.2903
548,1402,-0.5001,-0.4001
547,1403,-0.6815,-0.5815
546,1404,-0.8046,-0.7046
545,1405,-0.8621,-0.7621
544,1406,-0.8675,-0.7675
543,1407,-0.846,-0.746
542,1408,-0.8222,-0.7222
541,1409,-0.7548,-0.6548
540,1410,-0.6797,-0.5797
539,1411,-0.6151,-0.5151
538,1412,-0.5827,-0.4827
537,1413,-0.7175,-0.6175
536,1414,-0.8614,-0.7614
535,1415,-0.7302,-0.6302
534,1416,-0.4613,-0.3613
533,1417,-0.3083,-0.2083
532,1418,-0.3531,-0.2531
531,1419,-0.4294,-0.3294
530,1420,-0.4088,-0.3088
529,1421,-0.4363,-0.3363
528,1422,-0.4825,-0.3825
527,1423,-0.4186,-0.3186
526,1424,-0.37,-0.27
525,1425,-0.404,-0.304
524,1426,-0.3868,-0.2868
523,1427,-0.2957,-0.1957
522,1428,-0.2458,-0.1458
521,1429,-0.3066,-0.2066
520,1430,-0.404,-0.304
519,1431,-0.4796,-0.3796
518,1432,-0.5445,-0.4445
517,1433,-0.5177,-0.4177
516,1434,-0.4312,-0.3312
515,1435,-0.4,-0.3
514,1436,-0.4378,-0.3378
513,1437,-0.4632,-0.3632
512,1438,-0.3631,-0.2631
511,1439,-0.1911,-0.0911
510,1440,-0.1061,-0.0061
509,1441,-0.1805,-0.0805
508,1442,-0.3618,-0.2618
507,1443,-0.5279,-0.4279
506,1444,-0.5575,-0.4575
505,1445,-0.4698,-0.3698
504,1446,-0.3761,-0.2761
503,1447,-0.354,-0.254
502,1448,-0.4362,-0.3362
501,1449,-0.5449,-0.4449
500,1450,-0.5082,-0.4082
499,1451,-0.4261,-0.3261
498,1452,-0.454,-0.354
497,1453,-0.4726,-0.3726
496,1454,-0.368,-0.268
495,1455,-0.2912,-0.1912
494,1456,-0.313,-0.213
493,1457,-0.3282,-0.2282
492,1458,-0.3694,-0.2694
491,1459,-0.454,-0.354
490,1460,-0.4792,-0.3792
489,1461,-0.5025,-0.4025
488,1462,-0.5332,-0.4332
487,1463,-0.5224,-0.4224
486,1464,-0.5064,-0.4064
485,1465,-0.4475,-0.3475
484,1466,-0.3959,-0.2959
483,1467,-0.4045,-0.3045
482,1468,-0.4121,-0.3121
481,1469,-0.377,-0.277
480,1470,-0.363,-0.263
479,1471,-0.3827,-0.2827
478,1472,-0.3721,-0.2721
477,1473,-0.3545,-0.2545
476,1474,-0.3641,-0.2641
475,1475,-0.4292,-0.3292
474,1476,-0.4936,-0.3936
473,1477,-0.4703,-0.3703
472,1478,-0.4368,-0.3368
471,1479,-0.4259,-0.3259
470,1480,-0.4247,-0.3247
469,1481,-0.4507,-0.3507
468,1482,-0.5084,-0.4084
467,1483,-0.5475,-0.4475
466,1484,-0.5162,-0.4162
465,1485,-0.513,-0.413
464,1486,-0.5617,-0.4617
463,1487,-0.5119,-0.4119
462,1488,-0.3686,-0.2686
461,1489,-0.2716,-0.1716
460,1490,-0.2197,-0.1197
459,1491,-0.1983,-0.0983
458,1492,-0.1998,-0.0998
457,1493,-0.2114,-0.1114
456,1494,-0.2836,-0.1836
455,1495,-0.331,-0.231
454,1496,-0.246,-0.146
453,1497,-0.204,-0.104
452,1498,-0.3111,-0.2111
451,1499,-0.4252,-0.3252
450,1500,-0.4833,-0.3833
449,1501,-0.5345,-0.4345
448,1502,-0.5427,-0.4427
447,1503,-0.5822,-0.4822
446,1504,-0.5573,-0.4573
445,1505,-0.3948,-0.2948
444,1506,-0.358,-0.258
443,1507,-0.5614,-0.4614
442,1508,-0.7362,-0.6362
441,1509,-0.6227,-0.5227
440,1510,-0.4085,-0.3085
439,1511,-0.3029,-0.2029
438,1512,-0.3687,-0.2687
437,1513,-0.5279,-0.4279
436,1514,-0.4891,-0.3891
435,1515,-0.3324,-0.2324
434,1516,-0.2405,-0.1405
433,1517,-0.1939,-0.0939
432,1518,-0.2592,-0.1592
431,1519,-0.3657,-0.2657
430,1520,-0.3465,-0.2465
429,1521,-0.2981,-0.1981
428,1522,-0.3048,-0.2048
427,1523,-0.3667,-0.2667
426,1524,-0.4542,-0.3542
425,1525,-0.4875,-0.3875
424,1526,-0.4783,-0.3783
423,1527,-0.4919,-0.3919
422,1528,-0.5332,-0.4332
421,1529,-0.5778,-0.4778
420,1530,-0.5873,-0.4873
419,1531,-0.5372,-0.4372
418,1532,-0.4381,-0.3381
417,1533,-0.4236,-0.3236
416,1534,-0.4894,-0.3894
415,1535,-0.4995,-0.3995
414,1536,-0.5263,-0.4263
413,1537,-0.5721,-0.4721
412,1538,-0.5607,-0.4607
411,1539,-0.4883,-0.3883
410,1540,-0.3997,-0.2997
409,1541,-0.3331,-0.2331
408,1542,-0.2869,-0.1869
407,1543,-0.2868,-0.1868
406,1544,-0.2829,-0.1829
405,1545,-0.2886,-0.1886
404,1546,-0.3803,-0.2803
403,1547,-0.4213,-0.3213
402,1548,-0.3542,-0.2542
401,1549,-0.3078,-0.2078
400,1550,-0.3175,-0.2175
399,1551,-0.2783,-0.1783
398,1552,-0.2228,-0.1228
397,1553,-0.2212,-0.1212
396,1554,-0.2224,-0.1224
395,1555,-0.2302,-0.1302
394,1556,-0.2156,-0.1156
393,1557,-0.1517,-0.0517
392,1558,-0.1745,-0.0745
391,1559,-0.2947,-0.1947
390,1560,-0.3507,-0.2507
389,1561,-0.3226,-0.2226
388,1562,-0.3366,-0.2366
387,1563,-0.4342,-0.3342
386,1564,-0.5061,-0.4061
385,1565,-0.454,-0.354
384,1566,-0.4571,-0.3571
383,1567,-0.5445,-0.4445
382,1568,-0.5153,-0.4153
381,1569,-0.4349,-0.3349
380,1570,-0.4232,-0.3232
379,1571,-0.4996,-0.3996
378,1572,-0.6043,-0.5043
377,1573,-0.6156,-0.5156
376,1574,-0.5083,-0.4083
375,1575,-0.3757,-0.2757
374,1576,-0.3302,-0.2302
373,1577,-0.3087,-0.2087
372,1578,-0.2951,-0.1951
371,1579,-0.4512,-0.3512
370,1580,-0.7108,-0.6108
369,1581,-0.7262,-0.6262
368,1582,-0.4547,-0.3547
367,1583,-0.2688,-0.1688
366,1584,-0.2221,-0.1221
365,1585,-0.1938,-0.0938
364,1586,-0.1848,-0.0848
363,1587,-0.1669,-0.0669
362,1588,-0.1971,-0.0971
361,1589,-0.2757,-0.1757
360,1590,-0.2738,-0.1738
359,1591,-0.2792,-0.1792
358,1592,-0.2882,-0.1882
357,1593,-0.2913,-0.1913
356,1594,-0.2993,-0.1993
355,1595,-0.2813,-0.1813
354,1596,-0.3409,-0.2409
353,1597,-0.4386,-0.3386
352,1598,-0.4191,-0.3191
351,1599,-0.2949,-0.1949
350,1600,-0.2264,-0.1264
349,1601,-0.3087,-0.2087
348,1602,-0.4018,-0.3018
347,1603,-0.3821,-0.2821
346,1604,-0.3605,-0.2605
345,1605,-0.4299,-0.3299
344,1606,-0.4749,-0.3749
343,1607,-0.4118,-0.3118
342,1608,-0.3943,-0.2943
341,1609,-0.464,-0.364
340,1610,-0.5322,-0.4322
339,1611,-0.5081,-0.4081
338,1612,-0.4658,-0.3658
337,1613,-0.4976,-0.3976
336,1614,-0.522,-0.422
335,1615,-0.5102,-0.4102
334,1616,-0.488,-0.388
333,1617,-0.4204,-0.3204
332,1618,-0.2947,-0.1947
331,1619,-0.228,-0.128
330,1620,-0.3072,-0.2072
329,1621,-0.4396,-0.3396
328,1622,-0.4485,-0.3485
327,1623,-0.403,-0.303
326,1624,-0.466,-0.366
325,1625,-0.6164,-0.5164
324,1626,-0.7467,-0.6467
323,1627,-0.7785,-0.6785
322,1628,-0.8283,-0.7283
321,1629,-0.9188,-0.8188
320,1630,-0.787,-0.687
319,1631,-0.551,-0.451
318,1632,-0.4588,-0.3588
317,1633,-0.492,-0.392
316,1634,-0.5228,-0.4228
315,1635,-0.4749,-0.3749
314,1636,-0.4139,-0.3139
313,1637,-0.3963,-0.2963
312,1638,-0.3467,-0.2467
311,1639,-0.2633,-0.1633
310,1640,-0.2794,-0.1794
309,1641,-0.3792,-0.2792
308,1642,-0.473,-0.373
307,1643,-0.587,-0.487
306,1644,-0.7013,-0.6013
305,1645,-0.6428,-0.5428
304,1646,-0.4187,-0.3187
303,1647,-0.281,-0.181
302,1648,-0.2788,-0.1788
301,1649,-0.3104,-0.2104
300,1650,-0.3161,-0.2161
299,1651,-0.3362,-0.2362
298,1652,-0.343,-0.243
297,1653,-0.2528,-0.1528
296,1654,-0.1824,-0.0824
295,1655,-0.363,-0.263
294,1656,-0.6332,-0.5332
293,1657,-0.587,-0.487
292,1658,-0.3901,-0.2901
291,1659,-0.2732,-0.1732
290,1660,-0.1809,-0.0809
289,1661,-0.085,0.015
288,1662,0.0109,0.1109
287,1663,0.0223,0.1223
286,1664,-0.0136,0.0864
285,1665,-0.0545,0.0455
284,1666,-0.1178,-0.0178
283,1667,-0.175,-0.075
282,1668,-0.1036,-0.0036
281,1669,-0.0113,0.0887
280,1670,-0.1001,-1E-04
279,1671,-0.2621,-0.1621
278,1672,-0.3104,-0.2104
277,1673,-0.2231,-0.1231
276,1674,-0.2,-0.1
275,1675,-0.3618,-0.2618
274,1676,-0.4664,-0.3664
273,1677,-0.37,-0.27
272,1678,-0.2688,-0.1688
271,1679,-0.2358,-0.1358
270,1680,-0.2692,-0.1692
269,1681,-0.3246,-0.2246
268,1682,-0.3226,-0.2226
267,1683,-0.2426,-0.1426
266,1684,-0.1704,-0.0704
265,1685,-0.1295,-0.0295
264,1686,-0.1518,-0.0518
263,1687,-0.2899,-0.1899
262,1688,-0.4199,-0.3199
261,1689,-0.3458,-0.2458
260,1690,-0.1561,-0.0561
259,1691,-0.1471,-0.0471
258,1692,-0.2505,-0.1505
257,1693,-0.3235,-0.2235
256,1694,-0.451,-0.351
255,1695,-0.5486,-0.4486
254,1696,-0.4423,-0.3423
253,1697,-0.3158,-0.2158
252,1698,-0.3103,-0.2103
251,1699,-0.3376,-0.2376
250,1700,-0.3091,-0.2091
249,1701,-0.2757,-0.1757
248,1702,-0.2582,-0.1582
247,1703,-0.1775,-0.0775
246,1704,-0.1086,-0.0086
245,1705,-0.1654,-0.0654
244,1706,-0.2862,-0.1862
243,1707,-0.3178,-0.2178
242,1708,-0.2513,-0.1513
241,1709,-0.2098,-0.1098
240,1710,-0.2835,-0.1835
239,1711,-0.4113,-0.3113
238,1712,-0.4563,-0.3563
237,1713,-0.5248,-0.4248
236,1714,-0.7253,-0.6253
235,1715,-0.7628,-0.6628
234,1716,-0.546,-0.446
233,1717,-0.3232,-0.2232
232,1718,-0.2531,-0.1531
231,1719,-0.343,-0.243
230,1720,-0.3917,-0.2917
229,1721,-0.3195,-0.2195
228,1722,-0.2819,-0.1819
227,1723,-0.3582,-0.2582
226,1724,-0.438,-0.338
225,1725,-0.4452,-0.3452
224,1726,-0.4384,-0.3384
223,1727,-0.4431,-0.3431
222,1728,-0.4434,-0.3434
221,1729,-0.4888,-0.3888
220,1730,-0.5194,-0.4194
219,1731,-0.4822,-0.3822
218,1732,-0.3883,-0.2883
217,1733,-0.3221,-0.2221
216,1734,-0.3769,-0.2769
215,1735,-0.4672,-0.3672
214,1736,-0.4171,-0.3171
213,1737,-0.2753,-0.1753
212,1738,-0.2974,-0.1974
211,1739,-0.4903,-0.3903
210,1740,-0.6095,-0.5095
209,1741,-0.6433,-0.5433
208,1742,-0.6277,-0.5277
207,1743,-0.4724,-0.3724
206,1744,-0.2814,-0.1814
205,1745,-0.1968,-0.0968
204,1746,-0.1777,-0.0777
203,1747,-0.2454,-0.1454
202,1748,-0.3964,-0.2964
201,1749,-0.4926,-0.3926
200,1750,-0.4499,-0.3499
199,1751,-0.3762,-0.2762
198,1752,-0.4216,-0.3216
197,1753,-0.5104,-0.4104
196,1754,-0.5176,-0.4176
195,1755,-0.4186,-0.3186
194,1756,-0.2696,-0.1696
193,1757,-0.1952,-0.0952
192,1758,-0.2188,-0.1188
191,1759,-0.295,-0.195
190,1760,-0.404,-0.304
189,1761,-0.4233,-0.3233
188,1762,-0.3283,-0.2283
187,1763,-0.25,-0.15
186,1764,-0.2171,-0.1171
185,1765,-0.2111,-0.1111
184,1766,-0.2583,-0.1583
183,1767,-0.326,-0.226
182,1768,-0.4095,-0.3095
181,1769,-0.4768,-0.3768
180,1770,-0.4924,-0.3924
179,1771,-0.5352,-0.4352
178,1772,-0.5643,-0.4643
177,1773,-0.596,-0.496
176,1774,-0.6821,-0.5821
175,1775,-0.7074,-0.6074
174,1776,-0.6416,-0.5416
173,1777,-0.5736,-0.4736
172,1778,-0.5333,-0.4333
171,1779,-0.426,-0.326
170,1780,-0.3686,-0.2686
169,1781,-0.4444,-0.3444
168,1782,-0.4336,-0.3336
167,1783,-0.3069,-0.2069
166,1784,-0.33,-0.23
165,1785,-0.4509,-0.3509
164,1786,-0.3998,-0.2998
163,1787,-0.2474,-0.1474
162,1788,-0.1945,-0.0945
161,1789,-0.2156,-0.1156
160,1790,-0.2591,-0.1591
159,1791,-0.2747,-0.1747
158,1792,-0.2142,-0.1142
157,1793,-0.1161,-0.0161
156,1794,-0.118,-0.018
155,1795,-0.2106,-0.1106
154,1796,-0.2947,-0.1947
153,1797,-0.4179,-0.3179
152,1798,-0.611,-0.511
151,1799,-0.6866,-0.5866
150,1800,-0.508,-0.408
149,1801,-0.2671,-0.1671
148,1802,-0.2806,-0.1806
147,1803,-0.4636,-0.3636
146,1804,-0.5304,-0.4304
145,1805,-0.5067,-0.4067
144,1806,-0.4924,-0.3924
143,1807,-0.4898,-0.3898
142,1808,-0.4377,-0.3377
141,1809,-0.3948,-0.2948
140,1810,-0.3688,-0.2688
139,1811,-0.292,-0.192
138,1812,-0.2568,-0.1568
137,1813,-0.321,-0.221
136,1814,-0.3333,-0.2333
135,1815,-0.3025,-0.2025
134,1816,-0.3106,-0.2106
133,1817,-0.3068,-0.2068
132,1818,-0.2509,-0.1509
131,1819,-0.1869,-0.0869
130,1820,-0.1202,-0.0202
129,1821,-0.106,-0.006
128,1822,-0.1788,-0.0788
127,1823,-0.2824,-0.1824
126,1824,-0.2841,-0.1841
125,1825,-0.222,-0.122
124,1826,-0.2966,-0.1966
123,1827,-0.4281,-0.3281
122,1828,-0.3419,-0.2419
121,1829,-0.1916,-0.0916
120,1830,-0.2335,-0.1335
119,1831,-0.3825,-0.2825
118,1832,-0.4587,-0.3587
117,1833,-0.3896,-0.2896
116,1834,-0.2379,-0.1379
115,1835,-0.1638,-0.0638
114,1836,-0.2199,-0.1199
113,1837,-0.3426,-0.2426
112,1838,-0.372,-0.272
111,1839,-0.2801,-0.1801
110,1840,-0.3844,-0.2844
109,1841,-0.5698,-0.4698
108,1842,-0.4534,-0.3534
107,1843,-0.2878,-0.1878
106,1844,-0.2552,-0.1552
105,1845,-0.2461,-0.1461
104,1846,-0.2581,-0.1581
103,1847,-0.2829,-0.1829
102,1848,-0.3473,-0.2473
101,1849,-0.4989,-0.3989
100,1850,-0.5429,-0.4429
99,1851,-0.3811,-0.2811
98,1852,-0.2395,-0.1395
97,1853,-0.161,-0.061
96,1854,-0.1631,-0.0631
95,1855,-0.2988,-0.1988
94,1856,-0.3934,-0.2934
93,1857,-0.3524,-0.2524
92,1858,-0.266,-0.166
91,1859,-0.2154,-0.1154
90,1860,-0.1596,-0.0596
89,1861,-0.1764,-0.0764
88,1862,-0.3971,-0.2971
87,1863,-0.6368,-0.5368
86,1864,-0.6787,-0.5787
85,1865,-0.6237,-0.5237
84,1866,-0.5625,-0.4625
83,1867,-0.4867,-0.3867
82,1868,-0.3591,-0.2591
81,1869,-0.2348,-0.1348
80,1870,-0.189,-0.089
79,1871,-0.2144,-0.1144
78,1872,-0.2459,-0.1459
77,1873,-0.2938,-0.1938
76,1874,-0.3788,-0.2788
75,1875,-0.4546,-0.3546
74,1876,-0.4654,-0.3654
73,1877,-0.4506,-0.3506
72,1878,-0.5086,-0.4086
71,1879,-0.6195,-0.5195
70,1880,-0.6478,-0.5478
69,1881,-0.6314,-0.5314
68,1882,-0.5882,-0.4882
67,1883,-0.5402,-0.4402
66,1884,-0.5378,-0.4378
65,1885,-0.5659,-0.4659
64,1886,-0.4998,-0.3998
63,1887,-0.4164,-0.3164
62,1888,-0.3856,-0.2856
61,1889,-0.3838,-0.2838
60,1890,-0.4164,-0.3164
59,1891,-0.4557,-0.3557
58,1892,-0.4631,-0.3631
57,1893,-0.4863,-0.3863
56,1894,-0.493,-0.393
55,1895,-0.3843,-0.2843
54,1896,-0.3733,-0.2733
53,1897,-0.5053,-0.4053
52,1898,-0.5025,-0.4025
51,1899,-0.3726,-0.2726
50,1900,-0.3038,-0.2038
49,1901,-0.3688,-0.2688
48,1902,-0.4779,-0.3779
47,1903,-0.5518,-0.4518
46,1904,-0.5806,-0.4806
45,1905,-0.5898,-0.4898
44,1906,-0.5718,-0.4718
43,1907,-0.4867,-0.3867
42,1908,-0.3838,-0.2838
41,1909,-0.2815,-0.1815
40,1910,-0.2266,-0.1266
39,1911,-0.229,-0.129
38,1912,-0.365,-0.265
37,1913,-0.4335,-0.3335
36,1914,-0.208,-0.108
35,1915,-0.0121,0.0879
34,1916,-0.0009,0.0991
33,1917,-0.0807,0.0193
32,1918,-0.2315,-0.1315
31,1919,-0.3789,-0.2789
30,1920,-0.4547,-0.3547
29,1921,-0.4838,-0.3838
28,1922,-0.3617,-0.2617
27,1923,-0.1533,-0.0533
26,1924,-0.0669,0.0331
25,1925,-0.1812,-0.0812
24,1926,-0.3549,-0.2549
23,1927,-0.4853,-0.3853
22,1928,-0.5746,-0.4746
21,1929,-0.6284,-0.5284
20,1930,-0.5955,-0.4955
19,1931,-0.4368,-0.3368
18,1932,-0.3817,-0.2817
17,1933,-0.6152,-0.5152
16,1934,-0.9226,-0.8226
15,1935,-0.9735,-0.8735
14,1936,-0.7616,-0.6616
13,1937,-0.5654,-0.4654
12,1938,-0.5136,-0.4136
11,1939,-0.5166,-0.4166
10,1940,-0.5243,-0.4243
9,1941,-0.5496,-0.4496
8,1942,-0.5974,-0.4974
7,1943,-0.5659,-0.4659
6,1944,-0.4219,-0.3219
5,1945,-0.3075,-0.2075
4,1946,-0.2441,-0.1441
3,1947,-0.2433,-0.1433
2,1948,-0.3096,-0.2096
1,1949,-0.393,-0.293
